Codon,alpha,beta,beta-alpha,Posterior Prob Positive Selection,Posterior Prob Negative Selection,Potential Scale Reduction Factor,Effective sample size,Estimated variance of the posterior prob of positive selection,Empirical Bayes Factor
1,0.453278,0.241483,-0.211793,0.15356,0.794325,1.00672,431.622,0.000973397,0.883851
2,0.723621,0.300421,-0.423199,0.0724816,0.868477,1.00256,664.061,0.000646618,0.380717
3,0.793366,0.256373,-0.536992,0.0286018,0.947845,1.0023,687.773,8.24096e-05,0.143448
4,0.474308,0.281159,-0.193149,0.105611,0.821119,1.00861,372.705,0.00118333,0.575281
5,0.590941,0.344916,-0.246024,0.241573,0.647998,1.00431,541.0,0.00478592,1.55179
6,0.496542,0.214734,-0.281809,0.0602413,0.90751,1.00579,468.225,0.000253898,0.312302
7,0.641694,0.341224,-0.300469,0.127011,0.758454,1.0027,652.186,0.00289658,0.70881
8,0.440785,0.292376,-0.148409,0.196112,0.711487,1.00541,484.943,0.00254752,1.18852
9,0.576112,0.265484,-0.310627,0.0678194,0.882347,1.00474,517.625,0.00045705,0.354447
10,0.442561,0.286087,-0.156475,0.171395,0.744943,1.00729,411.847,0.00206801,1.00774
11,0.846197,0.237865,-0.608329,0.00605768,0.985901,1.00089,850.41,5.03036e-06,0.0296922
12,0.681525,0.299092,-0.382436,0.100904,0.835507,1.00212,705.31,0.000977239,0.546764
13,0.51223,0.358892,-0.153338,0.307787,0.556727,1.00516,496.507,0.00769157,2.16625
14,0.640561,0.336712,-0.303851,0.144863,0.753497,1.00259,662.255,0.0027232,0.825314
15,0.986085,0.22122,-0.764866,0.00419269,0.991038,1.00133,791.848,2.21659e-06,0.0205123
16,0.798978,0.307344,-0.491632,0.0512704,0.897814,1.00386,568.101,0.00041766,0.263282
17,0.627357,0.340883,-0.286474,0.136869,0.750258,1.00286,639.536,0.00303272,0.772548
18,0.388005,0.33532,-0.0526837,0.340318,0.524982,1.00397,561.113,0.00748495,2.51332
19,0.784893,0.295735,-0.489158,0.0892065,0.850662,1.00217,699.733,0.000798326,0.477171
20,0.77203,0.326382,-0.445646,0.0603132,0.869986,1.00415,550.439,0.000786601,0.312699
21,0.420449,0.36384,-0.0566071,0.384416,0.479313,1.00571,471.675,0.00835013,3.04237
22,0.502283,0.363703,-0.138578,0.261256,0.575977,1.00464,523.032,0.00883605,1.72294
23,0.516782,0.318178,-0.198604,0.165284,0.725302,1.00171,747.857,0.00305619,0.964693
24,0.494162,0.0899513,-0.404211,0.00111993,0.997612,1.00102,832.298,1.61385e-07,0.00546229
25,0.561366,0.154651,-0.406713,0.00217754,0.995315,1.0098,343.451,6.45996e-07,0.0106319
26,0.759301,0.180412,-0.578887,0.00122524,0.997079,1.00215,701.988,2.24126e-07,0.00597655
27,0.44259,0.339328,-0.103262,0.251068,0.606915,1.00272,650.839,0.00697271,1.63323
28,0.404746,0.225095,-0.17965,0.129709,0.821188,1.00775,397.232,0.000932233,0.726111
29,0.401274,0.00390273,-0.39737,1.96631e-08,1.0,1.00608,456.146,1.85379e-16,9.57964e-08
30,0.787981,0.281049,-0.506932,0.0308016,0.939004,1.0037,578.797,0.000126166,0.154831
31,0.719886,0.243613,-0.476274,0.0281906,0.950306,1.00349,592.33,7.65387e-05,0.141325
32,0.46935,0.254123,-0.215228,0.0531079,0.902579,1.0145,262.435,0.000356995,0.273247
33,0.799895,0.183934,-0.615961,0.00293827,0.994036,1.00376,574.881,1.06336e-06,0.0143571
34,0.683973,0.205101,-0.478873,0.044239,0.933568,1.00496,506.571,0.000132643,0.225503
35,0.358141,0.0410272,-0.317114,0.000285139,0.998975,1.00231,687.059,2.73431e-08,0.00138956
36,0.660765,0.0317879,-0.628978,1.00532e-07,1.0,1.00552,479.736,2.82399e-15,4.89781e-07
37,0.571589,0.19509,-0.376501,0.0126659,0.976776,1.0053,490.106,1.76759e-05,0.0624984
38,0.477471,0.143213,-0.334259,0.00551577,0.989586,1.01398,269.496,3.51435e-06,0.0270213
39,0.409157,0.0930598,-0.316097,0.00148652,0.996628,1.00168,750.761,3.1779e-07,0.00725294
40,0.771689,0.00694733,-0.76474,0.00246866,0.989616,1.00173,745.11,4.8125e-06,0.0120568
41,0.367072,0.00424486,-0.362826,3.80414e-06,0.999978,1.00265,656.838,6.15827e-12,1.85334e-05
42,0.387139,0.0481365,-0.339002,0.000211934,0.999365,0.999556,1096.34,1.0166e-08,0.00103274
43,0.376699,0.00357243,-0.373126,2.09958e-08,1.0,1.005,504.151,2.25847e-16,1.02289e-07
44,0.444535,0.0345969,-0.409937,1.14856e-06,0.999995,1.00778,396.427,3.33651e-13,5.59566e-06
45,0.546443,0.164007,-0.382436,0.0117655,0.980117,1.00761,401.692,1.24031e-05,0.0580026
46,1.18306,0.238771,-0.944284,0.00191146,0.995566,1.00153,767.426,5.46144e-07,0.00933025
47,0.465946,0.00506461,-0.460881,6.52709e-08,1.0,1.00733,410.548,1.67324e-15,3.17992e-07
48,0.966702,0.254451,-0.712251,0.00108557,0.996144,1.0033,605.818,2.95817e-07,0.00529452
49,0.465195,0.175529,-0.289665,0.0105198,0.979903,1.00913,359.203,1.39379e-05,0.0517962
50,0.593748,0.0965202,-0.497225,0.000264719,0.999457,1.00426,544.22,8.92962e-09,0.00129002
51,0.647805,0.0895893,-0.558216,0.000154519,0.999633,1.00189,728.0,3.16305e-09,0.000752915
52,0.206451,0.274731,0.0682801,0.650995,0.289865,1.00693,424.224,0.00284563,9.08747
53,0.550912,0.114678,-0.436234,0.00126524,0.997452,1.00729,412.028,1.92728e-07,0.00617192
54,0.528835,0.285004,-0.243832,0.112083,0.81924,1.00585,465.384,0.00112848,0.614985
55,0.680483,0.0850996,-0.595381,4.57986e-05,0.999883,1.00285,640.356,3.5154e-10,0.000223136
56,0.666013,0.135294,-0.530719,0.00709631,0.987181,1.01137,311.226,5.4323e-06,0.0348195
57,0.625168,0.0496539,-0.575515,1.6283e-06,0.999995,1.00181,736.787,4.75352e-13,7.93291e-06
58,0.450768,0.268704,-0.182062,0.153704,0.781233,1.0115,308.802,0.00150649,0.884831
59,0.548507,0.296426,-0.25208,0.124983,0.801064,1.00406,555.572,0.00142172,0.695876
60,0.468642,0.0534105,-0.415229,0.00020754,0.999453,0.99946,1119.87,7.66875e-09,0.00101132
61,0.614221,0.15189,-0.46233,0.00862361,0.984949,1.00885,366.271,7.33464e-06,0.0423787
62,1.00828,0.208114,-0.800171,0.00336028,0.99315,1.0039,565.518,1.42741e-06,0.0164261
63,0.370642,0.232482,-0.138161,0.133559,0.807975,1.01062,325.691,0.0011206,0.750985
64,0.455618,0.172807,-0.28281,0.0137416,0.974745,1.00885,366.283,2.13964e-05,0.0678803
65,4.05983,0.0568358,-4.003,3.87141e-07,0.999999,0.999893,1021.62,3.36464e-14,1.88611e-06
66,0.682341,0.149544,-0.532797,0.00163809,0.996537,1.00719,415.142,3.63207e-07,0.00799368
67,0.540738,0.146023,-0.394713,0.00598973,0.988975,1.0112,314.385,3.76685e-06,0.0293571
68,0.421553,0.126426,-0.295125,0.007848,0.985811,1.01567,248.041,6.83552e-06,0.038537
69,0.384888,0.186748,-0.198141,0.0649719,0.901654,1.00627,448.281,0.000314105,0.338531
70,0.460324,0.0781154,-0.382206,0.000220032,0.999465,1.00263,658.46,6.7374e-09,0.00107221
71,0.65923,0.195149,-0.46408,0.0124767,0.978096,1.00305,624.84,1.48047e-05,0.0615531
72,0.364329,0.0545379,-0.30979,0.00118202,0.997077,1.00028,947.705,2.66496e-07,0.00576548
73,0.881844,0.155795,-0.726048,0.000632797,0.99865,1.00647,440.7,5.73113e-08,0.00308487
74,0.313257,0.0980064,-0.215251,0.0318904,0.944673,1.00545,483.105,0.000136358,0.160484
75,0.335194,0.0619035,-0.273291,0.00299538,0.992931,1.00031,942.018,1.58271e-06,0.014637
76,0.438391,0.0346325,-0.403758,1.59023e-06,0.999993,1.00624,449.642,6.50438e-13,7.74743e-06
77,0.431712,0.0305875,-0.401123,2.43955e-06,0.99999,1.01195,300.818,1.78576e-12,1.18852e-05
78,0.314226,0.00397999,-0.310247,2.82144e-05,0.999847,1.00404,556.875,3.83874e-10,0.000137461
79,0.391578,0.00724783,-0.384331,1.14695e-05,0.999957,1.00317,615.432,3.71347e-11,5.58788e-05
80,0.297737,0.223487,-0.0742498,0.266172,0.658976,1.00547,482.062,0.00250975,1.76712
81,0.662368,0.128277,-0.534091,0.000478626,0.998921,1.00798,390.349,3.1547e-08,0.00233293
82,0.568081,0.162504,-0.405577,0.0108522,0.981451,1.00699,422.118,1.10248e-05,0.0534508
83,0.421208,0.0522976,-0.368909,0.00010034,0.999755,1.00271,651.699,1.28818e-09,0.000488894
84,0.389655,0.00616116,-0.383493,1.51635e-07,0.999999,1.00769,399.123,6.88289e-15,7.38749e-07
85,0.800682,0.257352,-0.54333,0.0133078,0.970626,1.00243,676.168,2.51645e-05,0.0657085
86,0.470461,0.00784652,-0.462614,1.63864e-06,0.999994,1.00823,383.185,7.11692e-13,7.98328e-06
87,0.54026,0.00397212,-0.536288,7.72999e-10,1.0,1.00961,347.78,2.57151e-19,3.76596e-09
88,0.554377,0.0874359,-0.466938,0.00119393,0.997482,1.00008,984.128,1.68645e-07,0.00582365
89,0.237035,0.0955759,-0.14146,0.118114,0.823522,1.00618,451.843,0.00124762,0.652508
90,0.540134,0.211113,-0.329021,0.0414909,0.934911,1.00522,493.822,0.000134389,0.210889
91,0.381189,0.240197,-0.140992,0.161246,0.777225,1.01089,320.358,0.0014162,0.936594
92,1.04484,0.291633,-0.753211,0.0290463,0.946406,1.00598,460.281,0.000107792,0.145744
93,0.592875,0.183454,-0.40942,0.00551065,0.988587,1.00462,523.893,3.85796e-06,0.026996
94,0.643692,0.254974,-0.388717,0.0291014,0.943664,1.00587,464.718,9.95365e-05,0.146028
95,0.588428,0.108423,-0.480006,0.000101101,0.99973,1.00955,349.139,1.77023e-09,0.000492602
96,0.670766,0.237198,-0.433567,0.0193755,0.96254,1.00476,516.686,4.44124e-05,0.0962603
97,0.636765,0.107423,-0.529342,0.00406395,0.99211,1.00455,527.53,1.93657e-06,0.0198799
98,1.82006,0.00359428,-1.81647,4.90441e-12,1.0,1.00082,859.855,9.63089e-24,2.38937e-11
99,0.436684,0.0373992,-0.399286,3.40494e-06,0.999988,1.00471,519.1,2.48367e-12,1.65885e-05
100,0.554284,0.127761,-0.426524,0.00171962,0.996589,1.00977,344.154,3.4589e-07,0.00839223
101,1.51851,0.00223649,-1.51628,7.19027e-13,1.0,0.999287,1164.69,2.40224e-25,3.50302e-12
102,0.548819,0.00614416,-0.542676,2.13935e-07,0.999999,1.00777,396.626,1.48048e-14,1.04227e-06
103,0.838763,0.0635298,-0.775233,4.26868e-05,0.999874,0.998551,1403.66,3.47734e-10,0.000207974
104,0.487541,0.267936,-0.219604,0.159414,0.77763,1.00729,411.991,0.0013988,0.923935
105,0.478888,0.0325857,-0.4463,3.02621e-06,0.999986,1.00601,458.952,3.37252e-12,1.47434e-05
106,0.339717,0.0513388,-0.288378,0.00120317,0.997062,0.997974,1673.22,2.37259e-07,0.00586877
107,0.426862,0.258206,-0.168656,0.160072,0.778014,1.01224,295.879,0.00146542,0.928476
108,0.965555,0.228524,-0.73703,0.00442085,0.990904,1.00164,755.658,2.41483e-06,0.0216335
109,0.553992,0.0286015,-0.525391,2.77853e-07,0.999998,1.01055,327.185,3.54283e-14,1.35367e-06
110,0.46706,0.0447569,-0.422304,7.58534e-06,0.999979,1.00819,384.413,8.79743e-12,3.69552e-05
111,0.413396,0.261744,-0.151651,0.209937,0.717751,1.00947,350.991,0.00204989,1.29457
112,0.48442,0.0400609,-0.444359,4.58311e-05,0.999871,1.00255,665.645,4.05245e-10,0.000223294
113,0.434936,0.192478,-0.242459,0.0402998,0.934989,1.00697,422.85,0.00014231,0.204581
114,0.647345,0.332869,-0.314477,0.0992023,0.797148,1.00225,692.674,0.00197371,0.536527
115,1.73181,0.27028,-1.46153,0.00129981,0.996017,1.00604,457.737,3.9322e-07,0.00634077
116,0.552943,0.0685145,-0.484427,4.97866e-05,0.999859,0.998567,1397.24,4.03731e-10,0.000242567
117,0.394749,0.0317846,-0.362963,3.07406e-05,0.999879,1.00557,477.609,2.95261e-10,0.000149769
118,1.24662,0.286202,-0.960421,0.0280813,0.94581,1.00479,515.064,0.000103075,0.140762
119,0.463422,0.188166,-0.275257,0.0423941,0.934498,1.00503,502.717,0.00013404,0.215683
120,0.259113,0.282489,0.0233759,0.552809,0.36462,1.00501,504.03,0.0040394,6.02253
121,0.424788,0.0311055,-0.393681,5.82137e-06,0.999979,1.01242,292.846,9.38721e-12,2.83612e-05
122,0.480419,0.109207,-0.37121,0.000687378,0.99845,1.01047,328.849,6.73242e-08,0.00335113
123,0.55675,0.266427,-0.290324,0.0581792,0.89716,1.00876,368.633,0.000364762,0.300952
124,1.53531,0.26048,-1.27483,0.00265868,0.993218,1.00353,590.134,1.21662e-06,0.0129873
125,0.249046,0.303475,0.054429,0.623451,0.292119,1.00373,576.308,0.00432468,8.06637
126,0.501018,0.114976,-0.386042,0.00270211,0.994768,1.00905,361.175,8.20524e-07,0.0132
127,0.513553,0.24449,-0.269064,0.0915845,0.866174,1.00937,353.334,0.000553528,0.491173
128,0.423861,0.00629543,-0.417566,6.39733e-08,1.0,1.01037,330.882,1.30738e-15,3.11671e-07
129,0.33187,0.00541914,-0.326451,1.89601e-05,0.999947,1.0021,706.495,8.44004e-11,9.23732e-05
130,0.407026,0.0490654,-0.357962,0.000126081,0.99962,0.998805,1310.55,3.28718e-09,0.00061433
131,0.273403,0.00489867,-0.268504,7.36248e-05,0.999679,1.00066,884.327,1.9652e-09,0.000358718
132,0.348748,0.033155,-0.315593,0.000535425,0.998274,1.00186,731.679,8.4254e-08,0.00260993
133,0.392258,0.00371637,-0.388541,9.35148e-07,0.999994,1.00144,778.522,3.97639e-13,4.55594e-06
134,0.771721,0.00710572,-0.764614,0.00253849,0.989543,1.00169,749.514,4.97546e-06,0.0123987
135,0.353221,0.00472902,-0.348492,1.46537e-05,0.999925,1.00503,502.928,9.58279e-11,7.13922e-05
136,0.329841,0.156573,-0.173268,0.103777,0.852364,1.01055,327.169,0.000701424,0.564134
137,0.771721,0.00710572,-0.764614,0.00253849,0.989543,1.00169,749.514,4.97546e-06,0.0123987
138,1.004,0.00344149,-1.00056,3.47472e-11,1.0,1.00297,630.408,7.40244e-22,1.69284e-10
139,0.441975,0.00426988,-0.437705,1.48507e-09,1.0,1.01091,319.9,1.01759e-18,7.23509e-09
140,0.515153,0.0657644,-0.449392,0.000409566,0.99914,0.998583,1391.01,1.94584e-08,0.00199618
141,0.771721,0.00710572,-0.764614,0.00253849,0.989543,1.00169,749.514,4.97546e-06,0.0123987
142,0.778498,0.196152,-0.582345,0.00525666,0.989813,1.00285,640.07,3.12336e-06,0.0257452
143,0.416182,0.0306357,-0.385546,1.08653e-06,0.999995,1.01255,290.859,3.18854e-13,5.29346e-06
144,0.323971,0.0357965,-0.288175,0.00196747,0.993631,1.00207,710.151,1.40691e-06,0.00960419
145,0.771721,0.00710572,-0.764614,0.00253849,0.989543,1.00169,749.514,4.97546e-06,0.0123987
146,0.553007,0.16801,-0.385,0.00842218,0.9845,1.0069,424.994,7.58487e-06,0.0413804
147,0.684088,0.288755,-0.395335,0.0666877,0.882814,1.00368,579.509,0.000491582,0.34811
148,0.44397,0.0373877,-0.406583,4.08179e-05,0.999872,1.00343,597.086,3.92973e-10,0.000198868
149,0.749728,0.173679,-0.576047,0.0170813,0.97177,1.00468,520.795,2.46353e-05,0.0846643
150,0.697512,0.13659,-0.560923,0.000948038,0.998068,1.00553,479.247,1.12848e-07,0.00462312
151,0.3421,0.00659244,-0.335507,3.45782e-05,0.999869,1.00078,865.786,3.4333e-10,0.000168467
152,0.448493,0.0723194,-0.376171,0.000167154,0.999577,1.00175,743.066,4.0546e-09,0.000814492
153,0.733137,0.235292,-0.497844,0.0323279,0.948929,1.0025,669.438,8.00593e-05,0.16276
154,0.508341,0.251616,-0.256725,0.0754364,0.880721,1.01091,319.994,0.00047483,0.397504
155,0.351128,0.00546558,-0.345663,7.43368e-07,0.999996,1.00378,573.188,1.73979e-13,3.62161e-06
156,0.678595,0.158058,-0.520538,0.00276978,0.994444,1.00449,531.09,9.28086e-07,0.0135315
157,0.648387,0.222399,-0.425989,0.0466061,0.928809,1.00412,552.34,0.000154769,0.238159
158,0.704662,0.0938259,-0.610835,8.19728e-05,0.999798,1.00253,667.301,1.07306e-09,0.000399395
159,0.285067,0.0795678,-0.205499,0.0219103,0.957496,1.00312,619.199,7.56298e-05,0.109136
160,0.737713,0.270198,-0.467513,0.022909,0.950252,1.00323,610.776,7.73063e-05,0.114227
161,0.971637,0.336459,-0.635176,0.106738,0.80551,1.00427,543.737,0.00186257,0.582153
162,0.784663,0.250098,-0.534562,0.0330993,0.937361,1.00414,550.782,0.000130004,0.166776
163,0.539225,0.185592,-0.353633,0.0205926,0.965623,1.00295,632.687,3.95706e-05,0.102434
164,0.943245,0.146178,-0.797069,7.05435e-05,0.999818,1.00712,417.398,1.00626e-09,0.000343704
165,1.08244,0.286404,-0.796037,0.0158566,0.965675,1.00584,465.927,4.02855e-05,0.0784962
166,0.709806,0.238159,-0.471648,0.0321777,0.947285,1.00337,601.242,8.63303e-05,0.161978
167,0.757367,0.137739,-0.619625,0.000248637,0.999383,1.00558,477.374,1.00106e-08,0.00121163
168,0.604515,0.269973,-0.334541,0.0550356,0.901664,1.00568,472.614,0.000323437,0.283743
169,0.606694,0.2746,-0.332094,0.0644659,0.889944,1.00578,468.306,0.000406754,0.335713
170,1.02769,0.259263,-0.768428,0.0137627,0.972127,1.00256,664.572,2.42605e-05,0.067986
171,0.469879,0.152198,-0.317681,0.0108775,0.980566,1.01145,309.771,1.2102e-05,0.0535767
172,0.513956,0.281295,-0.232661,0.12572,0.806971,1.0059,463.414,0.00120138,0.700569
173,0.380851,0.192063,-0.188787,0.0995164,0.862148,1.00507,500.841,0.000540878,0.538414
174,0.412882,0.32427,-0.08861,0.271315,0.601693,1.0032,613.134,0.00575268,1.81397
175,0.451649,0.0298821,-0.421768,2.5831e-07,0.999999,1.01547,250.436,2.06845e-14,1.25846e-06
176,0.407022,0.143357,-0.263665,0.0328639,0.94925,1.01192,301.3,8.40062e-05,0.16555
177,0.674975,0.390687,-0.28429,0.177756,0.669271,1.00475,517.162,0.00640587,1.05322
178,0.4747,0.0995245,-0.375175,0.000856805,0.998161,1.0052,494.699,9.29178e-08,0.00417784
179,0.364839,0.032385,-0.332453,0.000637557,0.997825,1.00228,689.61,1.3596e-07,0.00310809
180,0.627767,0.0318157,-0.595952,2.34788e-06,0.99999,1.00786,394.107,1.57039e-12,1.14386e-05
181,0.405908,0.286823,-0.119087,0.231175,0.683678,1.00848,376.196,0.0028464,1.46491
182,0.344603,0.142089,-0.202513,0.042193,0.931831,1.01186,302.348,0.000163746,0.214615
183,0.51337,0.0679886,-0.445383,2.88263e-05,0.999915,1.00061,892.0,1.38163e-10,0.000140443
184,0.530252,0.184123,-0.34613,0.0201729,0.965685,1.00534,488.289,3.65629e-05,0.100304
185,0.381236,0.259031,-0.122204,0.181902,0.746081,1.01274,287.83,0.00190677,1.08325
186,0.452936,0.0304232,-0.422516,1.89158e-05,0.999914,1.005,504.486,1.37837e-10,9.21574e-05
187,0.77473,0.00251312,-0.772217,0.000758811,0.991263,1.00342,597.328,8.80254e-07,0.00369965
188,0.919414,0.306878,-0.612535,0.0257791,0.942379,1.00638,444.011,0.000136155,0.128916
189,0.612927,0.259094,-0.353833,0.0533955,0.910822,1.00634,445.716,0.000255674,0.27481
190,0.679904,0.00463041,-0.675274,6.28165e-10,1.0,1.00762,401.216,1.29493e-19,3.06035e-09
191,0.363797,0.0642628,-0.299534,0.000952572,0.997731,0.998162,1574.65,1.32202e-07,0.00464525
192,0.76327,0.245493,-0.517777,0.0118017,0.973775,1.00258,662.329,1.92263e-05,0.0581832
193,0.438413,0.249078,-0.189333,0.0666781,0.882652,1.01265,289.109,0.000504885,0.348056
194,0.308938,0.0924914,-0.216446,0.0159986,0.968799,1.00197,720.493,3.67802e-05,0.0792106
195,0.361234,0.122639,-0.238596,0.0303647,0.95184,1.01013,335.993,8.10857e-05,0.152566
196,0.824451,0.270215,-0.554237,0.0408103,0.929228,1.00394,563.037,0.000168178,0.207282
197,0.311778,0.127133,-0.184645,0.0771544,0.883418,1.00899,362.902,0.000491273,0.407314
198,1.08046,0.0034393,-1.07702,1.76584e-11,1.0,1.00235,683.281,1.72633e-22,8.60297e-11
199,0.338062,0.00296216,-0.3351,2.11709e-07,0.999998,1.00148,773.582,2.2241e-14,1.03142e-06
200,0.518309,0.305089,-0.21322,0.181312,0.730425,1.00255,665.438,0.00237576,1.07896
201,0.550728,0.0416876,-0.509042,1.71358e-06,0.999995,1.00208,708.848,5.07604e-13,8.34838e-06
202,0.469048,0.122504,-0.346546,0.0100648,0.983736,1.00721,414.607,8.44558e-06,0.0495331
203,0.771721,0.00710572,-0.764614,0.00253849,0.989543,1.00169,749.514,4.97546e-06,0.0123987
204,0.352733,0.00493871,-0.347794,7.03792e-07,0.999996,1.00349,592.702,1.78746e-13,3.4288e-06
205,0.482821,0.0632476,-0.419572,0.000315254,0.999259,0.998355,1484.93,1.26304e-08,0.00153637
206,1.0757,0.00702785,-1.06867,4.80777e-08,1.0,1.00494,507.592,4.94211e-16,2.34229e-07
207,0.462096,0.0433434,-0.418752,8.813e-06,0.999975,1.00677,429.666,1.20059e-11,4.29363e-05
208,0.386348,0.0323881,-0.353961,8.10033e-05,0.999708,1.00413,551.642,1.95529e-09,0.000394671
209,0.406317,0.00378651,-0.402532,1.52071e-08,1.0,1.00579,467.888,1.14951e-16,7.40873e-08
210,0.533297,0.0606165,-0.472679,0.000420197,0.998842,1.00071,876.114,3.78291e-08,0.00204801
211,0.284028,0.0035684,-0.28046,6.75004e-05,0.999614,1.00461,524.616,2.5641e-09,0.000328877
212,0.434739,0.0799118,-0.354827,0.00195027,0.995775,1.00024,955.268,5.26271e-07,0.00952006
213,0.271552,0.00327909,-0.268273,0.000168497,0.998987,1.00717,415.734,2.24074e-08,0.000821037
214,1.74944,0.0718944,-1.67754,2.52433e-06,0.999993,1.00209,707.836,1.34051e-12,1.22983e-05
215,1.55907,0.137589,-1.42149,0.000789511,0.998355,1.00745,406.579,7.75871e-08,0.00384945
216,0.427739,0.152968,-0.274771,0.0277185,0.954996,1.00963,347.259,6.33439e-05,0.138891
217,0.528954,0.259307,-0.269648,0.116749,0.831815,1.00749,405.396,0.000831522,0.643971
218,1.04316,0.291114,-0.752046,0.00584369,0.983886,1.00821,383.868,8.57126e-06,0.0286371
219,0.365044,0.31961,-0.0454338,0.386834,0.506622,1.00373,576.44,0.00560573,3.07357
220,0.403557,0.150214,-0.253344,0.0309968,0.951341,1.01366,273.961,8.25932e-05,0.155844
221,4.86843,0.0405843,-4.82785,9.29545e-07,0.999997,1.00021,959.699,1.93173e-13,4.52864e-06
222,0.374211,0.0304617,-0.343749,3.11958e-05,0.999851,1.00454,528.5,3.85992e-10,0.000151987
223,0.537467,0.00642075,-0.531046,6.29375e-09,1.0,1.01332,278.84,1.08915e-17,3.06624e-08
224,0.346956,0.189966,-0.156989,0.151531,0.798952,1.00561,476.063,0.00101079,0.870087
225,0.543132,0.00505073,-0.538081,4.48607e-08,1.0,1.00749,405.314,7.75519e-16,2.18556e-07
226,0.406134,0.0326901,-0.373446,5.55432e-06,0.999974,1.00524,492.778,1.08976e-11,2.70602e-05
227,0.392416,0.203587,-0.188828,0.109416,0.848091,1.00445,532.991,0.000659974,0.598554
228,0.592285,0.258175,-0.334111,0.0728274,0.886594,1.00663,434.898,0.000404649,0.382676
229,0.312012,0.0328013,-0.279211,0.00311126,0.989847,1.00402,558.103,4.2398e-06,0.015205
230,0.365965,0.335564,-0.0304029,0.402316,0.470822,1.00478,515.47,0.00774621,3.27939
231,0.451994,0.236896,-0.215099,0.05204,0.908745,1.01251,291.505,0.000302734,0.267451
232,0.431618,0.0301229,-0.401493,1.67525e-06,0.999994,1.01575,247.137,7.31882e-13,8.16164e-06
233,3.81146,0.00341876,-3.80804,4.41455e-11,1.0,1.00064,887.198,7.37818e-22,2.15072e-10
234,0.453587,0.0634953,-0.390094,0.000347496,0.999083,1.00021,960.7,2.25441e-08,0.00169355
235,0.898442,0.206401,-0.69204,0.00481783,0.990824,1.00306,623.77,2.65225e-06,0.0235856
236,0.498545,0.00823082,-0.490316,1.51847e-07,0.999999,1.00719,415.265,4.56698e-15,7.39782e-07
237,0.920295,0.277406,-0.642891,0.00648908,0.981936,1.00562,475.553,9.6005e-06,0.0318206
238,0.771721,0.00710572,-0.764614,0.00253849,0.989543,1.00169,749.514,4.97546e-06,0.0123987
239,0.716025,0.00611475,-0.709911,1.62111e-09,1.0,1.01461,261.04,7.10053e-19,7.89787e-09
240,0.771721,0.00710572,-0.764614,0.00253849,0.989543,1.00169,749.514,4.97546e-06,0.0123987
241,0.619585,0.127274,-0.492311,0.00248999,0.995256,1.00942,352.185,6.88862e-07,0.0121612
242,0.280181,0.17505,-0.105131,0.247479,0.705069,1.01252,291.269,0.00177137,1.6022
243,0.528541,0.0334766,-0.495065,1.62492e-05,0.999932,1.00372,577.435,9.67733e-11,7.91656e-05
244,0.563835,0.132435,-0.431403,0.00120982,0.997367,1.0123,294.863,1.97926e-07,0.00590125
245,0.353397,0.00431575,-0.349082,1.60949e-07,0.999999,1.00412,551.983,1.00192e-14,7.84125e-07
246,0.784339,0.0058053,-0.778534,1.36792e-09,1.0,1.00977,344.035,5.85744e-19,6.66435e-09
247,0.668968,0.0948084,-0.57416,0.000340223,0.999239,1.00189,727.75,1.42095e-08,0.00165809
248,0.315515,0.00265361,-0.312861,7.04866e-07,0.999994,1.00049,912.112,2.50474e-13,3.43403e-06
249,0.418932,0.0913914,-0.327541,0.00134208,0.996945,1.00125,801.778,2.53563e-07,0.00654725
250,0.777746,0.0745385,-0.703206,5.89117e-06,0.999982,0.999753,1051.35,6.81504e-12,2.87013e-05
251,1.04036,0.0743433,-0.966015,5.95435e-06,0.999983,1.00093,844.723,7.11937e-12,2.90091e-05
252,0.422397,0.128964,-0.293435,0.00436567,0.991602,1.0141,267.794,2.28574e-06,0.0213623
253,0.335452,0.214176,-0.121275,0.20236,0.736668,1.00485,511.732,0.00163166,1.23599
254,0.687406,0.346403,-0.341004,0.131916,0.759543,1.00367,580.637,0.00292004,0.740343
255,0.640734,0.325043,-0.315692,0.0974125,0.810235,1.0022,697.484,0.00161417,0.525802
256,0.322707,0.0480757,-0.274631,0.00105115,0.997158,0.999594,1087.51,2.22505e-07,0.00512647
257,0.5125,0.233634,-0.278866,0.0552738,0.910035,1.0101,336.624,0.000278281,0.285043
258,0.373773,0.22363,-0.150141,0.0999938,0.848105,1.00966,346.538,0.000771067,0.541284
259,0.411113,0.159782,-0.251331,0.0375601,0.939531,1.00919,357.905,0.000122839,0.19013
260,0.324383,0.3719,0.0475185,0.551981,0.313867,1.01112,315.993,0.0109929,6.0024
261,1.23472,0.109871,-1.12485,0.000125901,0.9997,1.0041,553.169,2.39827e-09,0.000613453
262,0.506967,0.170411,-0.336556,0.0128379,0.977463,1.00783,394.858,1.5989e-05,0.0633582
263,0.488993,0.154683,-0.334311,0.0088918,0.984081,1.0106,326.185,8.27104e-06,0.0437085
264,0.223652,0.142131,-0.0815209,0.298999,0.63641,1.01343,277.296,0.00329636,2.07801
265,0.354244,0.0326027,-0.321642,0.000718493,0.997548,1.00211,706.339,1.72161e-07,0.00350293
266,1.35712,0.0976307,-1.25949,3.42809e-06,0.99999,1.00204,712.942,2.96441e-12,1.67013e-05
267,0.425417,0.0798266,-0.345589,0.000596121,0.99854,1.0008,863.692,5.96611e-08,0.00290597
268,0.465472,0.162751,-0.302722,0.0239109,0.960915,1.00868,370.869,4.8315e-05,0.119345
269,0.457473,0.0319296,-0.425543,2.94643e-07,0.999999,1.02775,159.376,1.9085e-14,1.43547e-06
270,0.386215,0.0814159,-0.3048,0.00160498,0.99642,0.99996,1007.93,3.55482e-07,0.00783185
271,1.50703,0.219972,-1.28706,0.00167877,0.996286,1.00111,820.261,3.80707e-07,0.00819253
272,0.344204,0.00464663,-0.339558,7.00302e-06,0.999965,1.00135,789.101,1.84211e-11,3.41182e-05
273,0.401126,0.0897209,-0.311406,0.00180347,0.995861,1.00037,931.428,4.96288e-07,0.00880218
274,0.461772,0.121361,-0.340413,0.0305635,0.954438,1.01434,264.601,8.56699e-05,0.153596
275,0.773565,0.0045697,-0.768996,3.05633e-10,1.0,1.0104,330.256,2.97857e-20,1.48901e-09
276,0.385366,0.135632,-0.249735,0.0355734,0.946361,1.01326,279.766,9.94719e-05,0.179702
277,0.422818,0.0679214,-0.354896,0.000137645,0.999619,1.00014,972.528,3.13747e-09,0.000670683
278,0.523673,0.274075,-0.249598,0.0661584,0.878235,1.00863,372.247,0.000528162,0.345151
279,5.00612,0.180425,-4.82572,0.00184605,0.996889,1.00022,958.037,3.0894e-07,0.00901038
280,0.3899,0.119518,-0.270382,0.00629446,0.987817,1.01366,273.897,4.94632e-06,0.0308601
281,0.931385,0.210126,-0.721256,0.0013271,0.996748,1.00275,648.744,2.81251e-07,0.00647407
282,0.807965,0.199812,-0.608153,0.0149723,0.974504,1.00241,677.647,1.9922e-05,0.0740521
283,0.335999,0.155518,-0.180481,0.0858271,0.876986,1.01185,302.496,0.000502539,0.457397
284,1.21856,0.12517,-1.09339,0.00110071,0.997876,1.00359,585.62,1.233e-07,0.00536844
285,0.274593,0.233571,-0.0410232,0.344555,0.56549,1.00466,521.988,0.00356806,2.56106
286,0.255809,0.0559234,-0.199886,0.0108682,0.975726,1.0033,606.076,2.28923e-05,0.0535304
287,0.346134,0.003137,-0.342996,2.45421e-07,0.999998,1.00099,836.744,3.03384e-14,1.19566e-06
288,0.282799,0.00493303,-0.277866,5.25415e-05,0.999771,1.00065,886.042,9.68683e-10,0.00025599
289,0.301943,0.0439664,-0.257976,0.0124358,0.972012,1.00198,719.245,3.89872e-05,0.0613487
290,0.395838,0.0588647,-0.336975,0.000290601,0.999242,0.99806,1626.62,1.30311e-08,0.00141619
291,0.590639,0.00775622,-0.582885,3.13869e-07,0.999999,1.00965,346.819,2.33449e-14,1.52913e-06
292,0.301128,0.106886,-0.194242,0.0267286,0.950298,1.00361,584.296,9.49756e-05,0.133795
293,0.559579,0.0389389,-0.520639,4.56076e-07,0.999998,1.00402,558.123,3.88458e-14,2.22195e-06
294,0.361068,0.0676262,-0.293443,0.000779407,0.99788,0.998766,1323.97,1.16953e-07,0.00380014
295,2.5941,0.194359,-2.39974,1.96912e-05,0.999933,0.999604,1085.14,7.33883e-11,9.59352e-05
296,0.374981,0.00722047,-0.367758,6.22024e-06,0.999976,1.00383,570.157,1.03854e-11,3.03045e-05
297,0.494828,0.194574,-0.300252,0.049466,0.925127,1.00482,513.394,0.000164218,0.253534
298,0.358087,0.219284,-0.138803,0.156597,0.785463,1.00648,440.238,0.00126515,0.904577
299,1.00529,0.150952,-0.854332,0.00028218,0.999352,1.00673,431.294,1.24535e-08,0.00137514
300,2.40603,0.220161,-2.18587,0.000815117,0.998109,0.999778,1046.0,9.19791e-08,0.0039744
301,0.642833,0.268901,-0.373931,0.0621431,0.898588,1.00484,512.436,0.000333569,0.322815
302,0.416682,0.256637,-0.160045,0.131364,0.805797,1.01318,281.034,0.00125915,0.736776
303,0.402651,0.0350046,-0.367643,2.3205e-05,0.999931,1.00528,490.818,9.64053e-11,0.000113055
304,0.556473,0.0873809,-0.469092,6.76721e-05,0.999816,1.00272,650.534,7.43527e-10,0.000329713
305,0.0619607,0.155213,0.0932528,0.841896,0.116861,1.00481,514.146,0.00190973,25.9426
306,0.690207,0.273868,-0.41634,0.0621158,0.895009,1.00366,581.326,0.000365689,0.322664
307,0.396428,0.0040319,-0.392394,1.60563e-07,0.999999,1.00316,616.341,1.17494e-14,7.82245e-07
308,0.271773,0.00594989,-0.265823,5.58899e-05,0.999798,1.0025,669.491,9.40461e-10,0.000272305
309,0.445441,0.125968,-0.319471,0.0035369,0.99297,1.01301,283.573,1.54611e-06,0.0172925
310,0.39472,0.132945,-0.261774,0.0144753,0.97396,1.01474,259.442,2.38791e-05,0.0715578
311,0.382404,0.00425953,-0.378144,4.94859e-08,1.0,1.00564,474.601,9.99881e-16,2.4109e-07
312,0.335282,0.0522411,-0.283041,0.00307892,0.992339,1.00201,715.998,2.16183e-06,0.0150465
313,0.496708,0.00616066,-0.490546,9.53319e-09,1.0,1.01339,277.809,2.83361e-17,4.64446e-08
314,0.435504,0.0305399,-0.404966,4.94089e-06,0.999979,1.00985,342.289,7.98391e-12,2.40716e-05
315,0.520448,0.0427639,-0.477683,4.82641e-05,0.999853,1.00147,774.566,5.94791e-10,0.000235149
316,0.50741,0.0298116,-0.477597,4.90956e-08,1.0,1.01488,257.626,7.53361e-16,2.39188e-07
317,0.506302,0.0299466,-0.476353,2.46247e-08,1.0,1.01874,217.0,1.78212e-16,1.19969e-07
318,0.258544,0.0941735,-0.164371,0.0469345,0.918206,1.0036,585.196,0.000262183,0.23992
319,0.347437,0.00487019,-0.342567,6.27977e-07,0.999997,1.00339,599.303,1.37394e-13,3.05944e-06
320,0.262083,0.0320385,-0.230044,0.00125614,0.994465,1.00241,677.44,7.31324e-07,0.00612747
321,0.342314,0.0654042,-0.27691,0.00169681,0.995556,1.00037,931.676,6.06984e-07,0.00828072
322,0.327231,0.00432528,-0.322906,2.03889e-06,0.999989,1.00139,784.634,1.53755e-12,9.93326e-06
323,0.351291,0.112005,-0.239286,0.011566,0.978021,1.00569,472.443,1.63555e-05,0.0570076
324,0.333289,0.0807275,-0.252562,0.00528028,0.988748,0.999264,1170.72,4.1029e-06,0.0258615
325,0.394242,0.112191,-0.282052,0.00772019,0.986208,1.00728,412.255,6.54093e-06,0.0379045
326,0.771653,0.0066931,-0.764959,0.00235765,0.989731,1.0018,737.793,4.55227e-06,0.0115133
327,0.33511,0.00467251,-0.330438,1.75527e-06,0.999991,1.00186,731.407,1.08048e-12,8.55149e-06
328,0.571953,0.10623,-0.46572,0.000418546,0.999027,1.00622,450.367,2.57399e-08,0.00203996
329,2.90408,0.190753,-2.71332,0.00157713,0.997032,1.00318,614.569,2.82553e-07,0.00769574
330,0.489992,0.200398,-0.289593,0.0504102,0.923821,1.00376,574.438,0.000182458,0.25863
331,0.381495,0.133862,-0.247633,0.027226,0.956631,1.01089,320.327,5.92403e-05,0.136354
332,0.359839,0.0990432,-0.260797,0.00333075,0.992471,1.00216,700.709,1.75624e-06,0.0162813
333,0.523648,0.256036,-0.267611,0.105158,0.847031,1.00971,345.324,0.000743592,0.572523
334,0.54805,0.124086,-0.423965,0.000747981,0.998318,1.01242,292.886,7.68277e-08,0.00364681
335,0.215228,0.392603,0.177376,0.827152,0.105453,1.01641,239.787,0.00398282,23.3141
336,0.520438,0.300926,-0.219512,0.168099,0.751009,1.00307,622.729,0.00208986,0.984443
337,0.201658,0.184256,-0.0174013,0.437905,0.472175,1.01057,326.708,0.00475098,3.79549
338,0.406691,0.00435131,-0.402338,6.12501e-07,0.999996,1.00235,682.829,1.63906e-13,2.98404e-06
339,0.761929,0.247525,-0.514405,0.0132908,0.969977,1.00283,642.002,2.68811e-05,0.0656235
340,0.592433,0.278239,-0.314194,0.0742994,0.875053,1.00573,470.65,0.000538881,0.391032
341,0.294226,0.0935753,-0.200651,0.0418801,0.933009,1.0045,530.572,0.000180491,0.212954
342,0.46036,0.0860267,-0.374334,0.00105807,0.997627,1.00097,839.234,1.6529e-07,0.00516026
343,1.10553,0.31346,-0.792065,0.0540347,0.898988,1.0055,480.925,0.000441784,0.278288
344,0.401755,0.0335955,-0.368158,7.83811e-05,0.999739,1.00478,515.785,1.61652e-09,0.000381894
345,0.518313,0.159278,-0.359035,0.0210596,0.966889,1.00735,409.959,3.57597e-05,0.104807
346,0.524036,0.276014,-0.248023,0.103751,0.836908,1.00886,366.165,0.000913523,0.563976
347,0.385866,0.14643,-0.239436,0.0173123,0.969593,1.01504,255.673,3.22635e-05,0.0858295
348,0.426895,0.234677,-0.192218,0.0619213,0.897232,1.01434,264.623,0.000415354,0.321587
349,0.499889,0.09348,-0.406411,0.000620798,0.998651,1.00497,506.037,4.86628e-08,0.00302634
350,0.310275,0.0038038,-0.306471,2.87561e-06,0.999984,1.00181,736.53,3.21223e-12,1.40097e-05
351,0.379269,0.166474,-0.212796,0.0298837,0.94999,1.01047,328.774,9.21763e-05,0.150075
352,0.345225,0.00618762,-0.339037,2.21526e-05,0.999911,1.00085,855.996,1.48713e-10,0.000107927
353,0.54218,0.0932802,-0.448899,0.000161653,0.999595,1.00479,514.951,4.05476e-09,0.000787683
354,0.202618,0.283758,0.0811402,0.719919,0.212765,1.00501,504.096,0.00299356,12.5227
355,0.276594,0.00344619,-0.273148,0.000190188,0.998876,1.00733,410.49,2.83903e-08,0.000926751
356,0.311796,0.00473707,-0.307059,7.35875e-06,0.999966,1.00163,756.001,1.79944e-11,3.58513e-05
357,0.234093,0.0325263,-0.201567,0.00129272,0.994067,1.00219,698.277,8.0365e-07,0.00630614
358,0.550038,0.223736,-0.326302,0.0403144,0.935038,1.00749,405.278,0.000142487,0.204658
359,0.481095,0.0349049,-0.446188,2.56218e-06,0.99999,1.00475,517.12,1.70427e-12,1.24827e-05
360,0.421617,0.0338168,-0.387804,1.11722e-06,0.999995,1.00689,425.349,3.38978e-13,5.44298e-06
361,0.740956,0.120082,-0.620872,0.00111245,0.997825,1.00566,473.438,1.48681e-07,0.00542577
362,0.539027,0.0955011,-0.443525,0.000127555,0.99968,1.00611,454.954,2.57983e-09,0.000621513
363,0.373061,0.0041212,-0.368941,9.88648e-07,0.999994,1.0016,759.759,4.29772e-13,4.81659e-06
364,0.345938,0.00260831,-0.34333,3.75027e-07,0.999997,1.00199,717.459,7.78581e-14,1.82709e-06
365,0.712294,0.33584,-0.376455,0.0912904,0.816959,1.00425,544.853,0.00172453,0.489437
366,0.501194,0.330199,-0.170995,0.197027,0.67932,1.00189,727.944,0.004577,1.19542
367,0.561006,0.0579818,-0.503027,6.07781e-06,0.999982,1.00213,704.08,6.10993e-12,2.96106e-05
368,0.560751,0.00489813,-0.555851,8.00697e-09,1.0,1.00939,353.022,2.48202e-17,3.90091e-08
369,0.406127,0.250256,-0.155869,0.131932,0.807889,1.01401,269.078,0.00120956,0.740446
370,0.772961,0.185441,-0.587522,0.00593438,0.989003,1.00316,616.353,3.73672e-06,0.0290842
371,0.370566,0.0802623,-0.290303,0.0132511,0.974121,1.00368,579.628,2.99783e-05,0.0654248
372,0.320502,0.00394623,-0.316556,1.60195e-06,0.999991,1.0024,678.473,9.71228e-13,7.80453e-06
373,0.399901,0.0296246,-0.370275,6.3401e-06,0.999974,1.008,389.92,1.39591e-11,3.08884e-05
374,0.628536,0.00464735,-0.623888,7.59285e-09,1.0,1.00835,379.862,2.28363e-17,3.69915e-08
375,0.553468,0.203244,-0.350224,0.0171136,0.968495,1.00634,445.684,3.2564e-05,0.0848272
376,0.437021,0.0292034,-0.407816,8.09833e-08,1.0,1.02152,195.053,1.97784e-15,3.94542e-07
377,0.593662,0.160838,-0.432823,0.00585077,0.989301,1.00692,424.453,3.57886e-06,0.028672
378,0.290233,0.265715,-0.0245172,0.446661,0.476461,1.00915,358.696,0.00376435,3.93264
379,2.34047,0.19208,-2.14839,0.00115582,0.997712,1.00389,566.092,1.67202e-07,0.00563754
380,0.436565,0.165028,-0.271536,0.0410473,0.935844,1.00766,400.178,0.000145875,0.208538
381,0.523306,0.101134,-0.422171,0.000201404,0.999492,1.007,421.488,6.37151e-09,0.000981415
382,0.770326,0.322911,-0.447418,0.0529692,0.881383,1.00458,526.084,0.000650418,0.272494
383,0.304103,0.176797,-0.127306,0.11789,0.825012,1.00396,561.988,0.00101371,0.651106
384,0.445257,0.0562962,-0.388961,0.000290393,0.99924,0.99868,1354.84,1.41217e-08,0.00141517
385,0.410958,0.00766624,-0.403291,4.73245e-08,1.0,1.00847,376.438,5.37168e-16,2.3056e-07
386,0.417602,0.00286895,-0.414729,2.00522e-08,1.0,1.00294,633.098,2.36423e-16,9.76921e-08
387,0.327904,0.00488878,-0.323015,3.2204e-06,0.999989,1.00296,631.815,2.67736e-12,1.56895e-05
388,0.633472,0.187714,-0.445757,0.00723802,0.986197,1.00329,606.636,6.15318e-06,0.0355199
389,0.393257,0.0282566,-0.364998,1.17181e-06,0.999992,1.00748,405.695,6.98387e-13,5.70893e-06
390,0.410423,0.361061,-0.0493598,0.407567,0.440435,1.00736,409.507,0.0111404,3.35164
391,0.320458,0.209381,-0.111078,0.203397,0.731269,1.00393,564.112,0.00179725,1.24394
392,0.45198,0.107681,-0.344299,0.0050113,0.990213,1.00531,489.648,3.07565e-06,0.0245375
393,0.379446,0.232161,-0.147285,0.16743,0.77623,1.00995,340.042,0.00138909,0.979738
394,0.463624,0.0314119,-0.432215,7.1834e-07,0.999997,1.01774,226.219,1.27066e-13,3.49967e-06
395,0.877922,0.361119,-0.516803,0.0765869,0.843623,1.00622,450.5,0.00164511,0.404069
396,0.449079,0.309018,-0.140061,0.19146,0.702577,1.0039,565.567,0.00336373,1.15365
397,0.59098,0.307129,-0.283852,0.100631,0.82019,1.00227,690.73,0.00126122,0.545119
398,1.05414,0.331871,-0.72227,0.0154124,0.95724,1.00726,412.867,8.94229e-05,0.0762629
399,0.559014,0.360058,-0.198956,0.248701,0.622754,1.00391,565.149,0.00575228,1.61273
400,0.70693,0.428394,-0.278538,0.243312,0.639679,1.0041,553.512,0.00510455,1.56655
401,0.597588,0.311567,-0.286022,0.149279,0.768809,1.00128,798.306,0.00183136,0.854887
402,1.49811,0.339248,-1.15886,0.00850461,0.970789,1.0073,411.53,3.55483e-05,0.0417889
403,1.15603,0.248787,-0.907242,0.00434826,0.989931,1.00147,775.249,2.77367e-06,0.0212767
404,1.4912,0.2289,-1.2623,0.00302571,0.993249,1.00149,772.941,1.25453e-06,0.0147857
405,0.610731,0.157706,-0.453026,0.00369766,0.992671,1.0064,443.514,1.6234e-06,0.0180814
406,0.293933,0.464548,0.170616,0.691042,0.179206,1.02044,203.009,0.0121015,10.8969
407,0.2702,0.0835272,-0.186672,0.0252624,0.951324,1.00294,632.748,9.98229e-05,0.126265
408,0.827399,0.304715,-0.522684,0.033838,0.926673,1.00573,470.635,0.000219903,0.170629
409,0.375912,0.0053284,-0.370584,7.24887e-08,1.0,1.0071,418.314,1.83747e-15,3.53157e-07
410,0.303565,0.332463,0.0288981,0.541969,0.358992,1.00439,536.724,0.00612445,5.7647
411,0.573222,0.186465,-0.386758,0.00468274,0.98958,1.00516,496.716,3.34786e-06,0.0229211
412,0.427096,0.217027,-0.210071,0.0539373,0.91214,1.00911,359.807,0.000278769,0.277758
413,0.371936,0.350555,-0.0213814,0.39923,0.456887,1.00592,462.664,0.0101704,3.23752
414,0.744688,0.318035,-0.426654,0.0527809,0.884645,1.00405,556.306,0.000576429,0.271471
415,0.306106,0.103141,-0.202965,0.0401982,0.931419,1.00686,426.441,0.000221077,0.204043
416,0.68668,0.234169,-0.452512,0.0351355,0.942666,1.00532,489.071,0.000104533,0.17741
417,0.440509,0.396507,-0.0440012,0.373281,0.441499,1.00814,385.806,0.0143839,2.90175
418,0.360623,0.312272,-0.0483514,0.313715,0.571799,1.0062,451.247,0.00575487,2.22704
419,0.374546,0.0788207,-0.295726,0.0135161,0.976744,1.00667,433.314,2.67989e-05,0.0667511
420,0.522113,0.268744,-0.253367,0.0654187,0.884493,1.01085,321.101,0.000496139,0.341022
421,0.417843,0.285578,-0.132265,0.198756,0.717835,1.01,338.805,0.0025543,1.20852
422,0.695107,0.246923,-0.448187,0.0346762,0.941625,1.00524,492.855,0.000112304,0.175007
423,0.373539,0.00406192,-0.369477,7.83606e-07,0.999995,1.00163,756.229,2.68652e-13,3.81764e-06
424,0.979489,0.24351,-0.735977,0.00542221,0.988154,1.00332,604.489,4.44361e-06,0.0265604
425,0.774295,0.0369987,-0.737296,5.11177e-07,0.999998,1.00137,786.909,6.60134e-14,2.4904e-06
426,0.383479,0.115952,-0.267527,0.0169754,0.970847,1.01093,319.48,3.29115e-05,0.0841304
427,1.41321,0.0398042,-1.37341,9.14666e-07,0.999997,1.00014,972.321,1.99564e-13,4.45615e-06
428,0.395393,0.00761235,-0.387779,2.12186e-06,0.999992,1.00666,433.548,1.15195e-12,1.03375e-05
429,0.560636,0.226509,-0.334126,0.0539935,0.91746,1.0064,443.396,0.000214062,0.278064
430,0.392865,0.0390525,-0.353813,5.05101e-05,0.999834,1.00047,915.48,5.75237e-10,0.000246092
431,0.794721,0.111382,-0.683341,0.0227038,0.965924,1.00587,464.712,4.20868e-05,0.11318
432,0.962017,0.32819,-0.633828,0.0339601,0.918589,1.00613,454.127,0.000322862,0.171266
433,0.431223,0.0490424,-0.382181,1.91935e-05,0.99994,0.998586,1389.83,6.83572e-11,9.35104e-05
434,0.472205,0.325186,-0.147019,0.206459,0.676682,1.002,716.762,0.0044031,1.26754
435,1.16041,0.3128,-0.847606,0.024943,0.938427,1.00652,439.067,0.000160562,0.124628
436,0.751762,0.0364821,-0.715278,9.70199e-07,0.999996,1.00242,676.662,2.36185e-13,4.7267e-06
437,0.429386,0.19684,-0.232545,0.0611706,0.909321,1.00475,517.092,0.000276388,0.317434
438,0.620566,0.32017,-0.300398,0.130706,0.780106,1.00234,684.283,0.00203416,0.732531
439,0.798014,0.296665,-0.501352,0.0445487,0.910887,1.00416,550.171,0.000306604,0.227156
440,0.599342,0.34858,-0.25076,0.151871,0.713184,1.0027,652.913,0.00432279,0.872389
441,1.03216,0.353931,-0.678232,0.0186701,0.941921,1.00627,448.467,0.000174357,0.0926891
442,0.791921,0.339963,-0.451958,0.0686604,0.849761,1.00469,520.048,0.00119128,0.359166
443,0.818743,0.384144,-0.434595,0.119683,0.766403,1.00465,522.498,0.00323917,0.662355
444,1.10649,0.389695,-0.716798,0.0223884,0.92913,1.00291,635.83,0.000213292,0.111572
445,0.763097,0.436525,-0.326571,0.173141,0.701642,1.00335,602.596,0.004555,1.02015
446,0.504843,0.315138,-0.189705,0.21013,0.687495,1.00195,722.281,0.00322499,1.29607
447,0.616979,0.304986,-0.311993,0.128448,0.796236,1.00159,761.187,0.00144251,0.718011
