Codon,alpha,beta1,p1,beta2,p2,LRT,p-value,q-value,Log(L)
1,0.396841,0.0982217,0.944289,3.79996,0.055711,1.74675,0.210029,0.388777,-56.6872
2,0.265455,0.117698,0.828815,2.32135,0.171185,1.17748,0.288305,0.456047,-80.435
3,0.752845,0.168952,0.864272,4.77957,0.135728,2.89065,0.113706,0.299771,-110.617
4,0.693269,0.4769,0.666684,0.488849,0.333316,0.0,0.67,0.71963,-105.931
5,0.862322,0.268014,0.270969,0.27285,0.729031,0.0,0.67,0.693929,-95.4657
6,1.09397,0.519981,0.847788,7.46959,0.152212,2.36971,0.149982,0.310678,-149.713
7,1.06112,0.0996142,0.956115,8.2049,0.043885,1.12157,0.297633,0.462395,-90.1007
8,0.453445,0.453445,0.173124,0.480625,0.826876,0.0106756,0.643227,0.799439,-107.511
9,0.793125,0.194403,0.724081,0.856292,0.275919,7.59754e-05,0.667889,0.795978,-96.3998
10,0.699599,0.340577,0.2207,0.344119,0.7793,0.0,0.67,0.702289,-93.8161
11,0.73745,0.0,0.740032,2.9889,0.259968,2.93728,0.11094,0.301618,-111.236
12,1.04928,0.439429,0.642725,0.43546,0.357275,0.0,0.67,0.710854,-115.139
13,0.69074,0.0,0.556424,1.8392,0.443576,1.73301,0.211615,0.383552,-125.555
14,0.713834,0.491042,0.678655,0.877756,0.321345,0.00564354,0.650907,0.786512,-106.25
15,0.480619,0.226942,0.821433,2.71384,0.178567,1.53894,0.235466,0.401677,-100.152
16,0.933507,0.372134,0.96772,14.0442,0.03228,1.6819,0.217627,0.3864,-108.454
17,0.49344,0.0,0.507399,2.0941,0.492601,2.88237,0.114205,0.292231,-120.663
18,0.517636,0.406379,0.988786,0.40639,0.011214,0.0,0.67,0.685765,-103.512
19,0.153313,0.0940223,0.639369,2.7474,0.360631,5.97292,0.0229766,0.124935,-120.091
20,0.631327,0.446195,0.754418,1.01058,0.245582,-0.00439102,0.67,0.677791,-133.691
21,0.492661,0.0458321,0.730221,6.54222,0.269779,13.5743,0.000484861,0.00843658,-174.527
22,1.07207,1.07207,0.177081,1.32343,0.822919,0.157656,0.549001,0.712882,-192.873
23,0.673274,0.0,0.992686,62.4807,0.007314,3.56268,0.0798761,0.248186,-34.9237
24,2.28503,0.416412,0.834175,5.05474,0.165825,0.176641,0.540644,0.712667,-183.448
25,0.751056,0.751056,6.0e-09,1.13237,1.0,0.946519,0.329242,0.502527,-177.876
26,1.38549,0.0547863,0.9265,66.4089,0.0735,9.64816,0.00353197,0.0341423,-114.023
27,1.33125,0.743917,0.808941,8.81654,0.191059,3.25514,0.0938424,0.272143,-199.363
28,0.80937,0.645558,0.74203,5.94994,0.25797,5.21893,0.0338482,0.14724,-191.117
29,2.17997,0.898333,0.897871,9.90269,0.102129,0.346022,0.477703,0.659684,-139.438
30,1.56909,0.859353,0.835534,49.2655,0.164466,5.48179,0.0295664,0.135383,-233.002
31,0.543493,0.415685,0.613912,7.60501,0.386088,6.15637,0.0209146,0.121304,-203.713
32,0.695266,0.0,0.893099,19.2726,0.106901,17.6228,6.30373e-05,0.00274212,-103.288
33,0.395205,0.395205,0.371784,4.16475,0.628216,12.3763,0.000887863,0.0110349,-209.647
34,1.44167,1.44166,6.0e-09,1.50006,1.0,0.00820354,0.646733,0.792475,-203.03
35,0.779882,0.779882,0.741504,5.5336,0.258496,4.35734,0.0528214,0.191478,-194.634
36,1.44056,0.0421669,0.427154,2.48078,0.572846,0.564788,0.41422,0.610799,-183.601
37,0.403058,0.0,0.596716,4.00187,0.403284,8.14172,0.00759184,0.0550408,-178.098
38,0.52155,0.0,0.98675,3.47926,0.01325,1.62081,0.225062,0.391608,-34.1009
39,0.937242,0.0,0.307457,1.73153,0.692543,0.943343,0.329852,0.494778,-197.821
40,0.557071,0.557071,0.810946,14.8302,0.189054,16.997,8.63795e-05,0.00250501,-211.28
41,1.07759,0.337332,0.910459,32.7934,0.089541,12.6463,0.000774668,0.0112327,-174.382
42,1.57013,0.822629,0.685407,0.822791,0.314593,0.0,0.67,0.67,-165.142
43,1.23841,0.690889,0.899995,12.7537,0.100005,4.38478,0.0520755,0.196981,-197.916
44,0.769391,0.0,0.212344,2.08507,0.787656,3.4152,0.0862857,0.258857,-189.241
45,1.12884,0.0,0.932652,0.333601,0.067348,0.0,0.67,0.7772,-43.0067
46,0.826514,0.723717,0.697679,0.724219,0.302321,0.0,0.67,0.787703,-147.187
47,1.05274,0.129784,0.627302,1.59378,0.372698,0.0898958,0.582743,0.745568,-124.817
48,1.50343,1.01761,0.934296,14.1904,0.065704,2.43151,0.145109,0.307915,-179.784
49,3.58299,0.0192076,0.718288,7.77738,0.281712,1.47905,0.243414,0.40725,-183.661
50,1.3059,0.698372,0.655973,5.10328,0.344027,2.7336,0.123563,0.298611,-214.919
51,2.40339,0.200438,0.633287,8.17102,0.366713,1.83228,0.200443,0.387524,-217.293
52,0.465128,0.465128,6.0e-09,1.92978,1.0,8.54285,0.00619081,0.0489637,-198.227
53,1.48747,0.711793,0.837976,5.55252,0.162024,1.33368,0.263979,0.433324,-205.327
54,2.97929,0.987864,0.68647,6.24364,0.31353,0.356187,0.4744,0.66569,-254.001
55,1.83951,0.950436,0.890934,23.7763,0.109066,9.21725,0.00439512,0.0382375,-221.731
56,0.436544,0.336001,0.766532,10.6537,0.233468,21.7131,8.05869e-06,0.000701106,-183.981
57,2.6513,0.398875,0.505054,4.24813,0.494946,0.223279,0.521495,0.698001,-205.674
58,2.99898,1.96474,0.566276,1.96467,0.433724,0.0,0.67,0.737848,-204.426
59,0.872223,0.574214,0.574031,3.03636,0.425969,2.79004,0.119922,0.298093,-173.995
60,0.591523,0.0,0.403746,2.8556,0.596254,5.93164,0.0234682,0.120102,-181.835
61,0.401509,0.0,0.547066,1.39528,0.452934,3.18893,0.0971648,0.272688,-109.549
62,0.608134,0.134146,0.921656,8.08619,0.078344,6.419,0.018283,0.113616,-110.49
63,1.06402,0.0610977,0.419234,0.0648533,0.580766,0.0,0.67,0.747308,-49.8265
64,0.767447,0.767447,0.142732,0.847447,0.857268,0.0525564,0.605773,0.7638,-145.832
65,0.996661,0.0,0.330658,2.09045,0.669342,2.58211,0.133916,0.298735,-167.473
66,1.39031,1.27094,6.85221e-09,1.27044,1.0,0.0,0.67,0.757013,-172.183
67,0.705942,0.0796634,0.966577,5.23805,0.033423,1.88677,0.194584,0.384746,-61.5478
68,0.539179,0.0,0.454948,0.93091,0.545052,0.388001,0.464323,0.662232,-108.896
69,0.793229,0.793229,6.0e-09,1.67693,1.0,2.62704,0.130754,0.299358,-187.962
70,1.20526,0.634571,0.764176,4.99367,0.235824,1.30138,0.26881,0.433083,-180.889
71,1.43947,0.0,0.541257,4.51107,0.458743,4.02599,0.0627358,0.218321,-187.175
72,1.57695,0.791068,0.943864,16.9461,0.056136,2.15892,0.167944,0.339794,-164.367
73,1.55606,0.576614,0.807665,11.3553,0.192335,3.9178,0.0663684,0.222079,-187.382
74,1.49263,0.586622,0.772209,6.40083,0.227791,1.77449,0.206866,0.391247,-185.277
75,0.640999,0.640999,0.589821,7.44221,0.410179,10.0843,0.00283138,0.0307912,-206.328
76,0.834453,0.0267975,0.661574,3.11213,0.338426,4.56085,0.0475381,0.187992,-140.789
77,1.0895,1.0895,0.872454,25.663,0.127546,4.86708,0.0405802,0.168118,-193.55
78,0.774195,0.0,0.934862,2.98754,0.065138,0.546231,0.419079,0.607664,-53.0536
79,1.62127,0.0,0.97895,10.1694,0.02105,3.60222,0.0782423,0.252114,-50.0259
80,0.546347,0.431962,0.186351,2.14495,0.813649,5.77243,0.0254658,0.123084,-168.35
81,1.03559,0.698853,0.766584,2.15468,0.233416,-0.196497,0.67,0.766974,-150.779
82,0.406148,0.311868,0.96692,7.74324,0.03308,2.46828,0.142289,0.309478,-95.4727
83,0.848782,0.214916,0.851461,13.08,0.148539,13.8948,0.000412465,0.00897112,-150.931
84,0.494093,0.0,0.991665,77.1089,0.008335,6.94443,0.0139763,0.0935336,-32.0919
85,1.39279,0.0,0.922172,1.27456,0.077828,0.0,0.67,0.728625,-51.1308
86,1.36159,1.36159,0.246502,1.94892,0.753498,0.285194,0.498413,0.67753,-168.842
87,2.5607,0.0,0.667259,11.6413,0.332741,2.6766,0.127357,0.299461,-114.502
